ottol_name.id,ottol_name.uid,ottol_name.accepted_uid,ottol_name.parent_uid,ottol_name.name,ottol_name.unique_name
3989784,45753,45752,<NULL>,Acantharia,Acantharia
4773044,4068533,4068533,581435,Acantharia,Acantharia
2563455,661145,661145,706441,Achelous,Achelous
4481428,4668740,4668740,169205,Acheloüs,Acheloüs
2784316,2813136,2813136,166706,Achnanthes plönensis,Achnanthes plönensis
2784518,2813338,2813338,166706,Achnanthes plonensis,Achnanthes plonensis
1759954,1012152,1012152,601077,Acontias lineatus,Acontias lineatus
4091019,1012153,1012152,<NULL>,Acontias lineatus,Acontias lineatus
2504524,541094,541094,1012152,Acontias lineatus grayi,Acontias lineatus grayi
4093552,541095,541094,<NULL>,Acontias lineatus grayi,Acontias lineatus grayi
2504525,541098,541098,1012152,Acontias lineatus lineatus,Acontias lineatus lineatus
4093551,541099,541098,<NULL>,Acontias lineatus lineatus,Acontias lineatus lineatus
1759952,996434,996434,601077,Acontias litoralis,Acontias litoralis
4091020,996435,996434,<NULL>,Acontias litoralis,Acontias litoralis
3084315,3113186,3113186,40172,Acraea kukenthali,Acraea kukenthali
3084438,3113309,3113309,40172,Acraea kükenthali,Acraea kükenthali
3989773,765123,765121,<NULL>,Acrasia,Acrasia
4181085,4280541,4280541,968124,Acrasia,Acrasia
3322775,3351668,3351668,395484,Acritus muhlei,Acritus muhlei
3322792,3351685,3351685,395484,Acritus mühlei,Acritus mühlei
2756132,1048137,1048137,712401,Acropora lutkeni,Acropora lutkeni
3646004,3674967,3674967,712401,Acropora lütkeni,Acropora lütkeni
3071600,3100470,3100470,969380,Actias sjoqvisti,Actias sjoqvisti
3071614,3100484,3100484,969380,Actias sjöqvisti,Actias sjöqvisti
4092222,1060990,1060989,<NULL>,Aedes burgeri,Aedes burgeri
4637984,4477497,4477497,269669,Aedes bürgeri,Aedes bürgeri
3791299,3820366,3820366,737448,Agaricus hemisoodes,Agaricus hemisoodes
3793066,3822134,3822134,737448,Agaricus hemisoödes,Agaricus hemisoödes
4023749,1039832,1039831,<NULL>,Aglaospora,Aglaospora
4783949,4079448,4079448,1039834,Aglaospora,Aglaospora
2344325,221930,221930,541635,Aiphanes,Aiphanes
3920039,3949276,3949276,526437,Aïphanes,Aïphanes
4079959,348697,348696,<NULL>,Aleoides,Aleoides
4392678,4550484,4550484,678079,Aleoides,Aleoides
2572650,679987,679987,781603,Allium noeanum,Allium noeanum
3964681,3994034,3994034,781603,Allium noëanum,Allium noëanum
4092350,195294,195293,<NULL>,Alloclusia,Alloclusia
4271528,4394948,4394948,230909,Alloclusia,Alloclusia
3154647,3183520,3183520,539861,Amata uelleburgensis,Amata uelleburgensis
3154769,3183642,3183642,539861,Amata uëlleburgensis,Amata uëlleburgensis
3080095,3108966,3108966,451928,Amathusia schönbergi,Amathusia schönbergi
3080125,3108996,3108996,451928,Amathusia schonbergi,Amathusia schonbergi
4092353,923501,923500,<NULL>,Amuroclusia,Amuroclusia
4271526,4394946,4394946,230909,Amuroclusia,Amuroclusia
4096048,922208,922207,<NULL>,Anacamptodes,Anacamptodes
4174101,4271682,4271682,968124,Anacamptodes,Anacamptodes
3287897,3316788,3316788,3316196,Anicetus eous,Anicetus eous
3289301,3318193,3318193,3316196,Anicetus eöus,Anicetus eöus
4079872,434118,434117,<NULL>,Anoecidae,Anoecidae
4136780,4225588,4225588,603650,Anoecidae,Anoecidae
4048931,113496,113495,<NULL>,Anoetidae,Anoetidae
4503654,4699063,4699063,511967,Anoetidae,Anoetidae
2954150,2982990,2982990,726755,Anonyx eous,Anonyx eous
2954167,2983007,2983007,726755,Anonyx eöus,Anonyx eöus
4334957,4476215,4476215,793190,Anopheles bustamentei,Anopheles bustamentei
4334976,4476234,4476234,793190,Anopheles bustamentéi,Anopheles bustamentéi
4056475,798672,798670,<NULL>,Anthenantia,Anthenantia
4526238,4731614,4731614,508090,Anthenantia,Anthenantia
4092349,312889,312888,<NULL>,Antichaeta,Antichaeta
4273341,4397257,4397257,130147,Antichaeta,Antichaeta
3772055,3801111,3801111,48329,Antrodia hippophaes,Antrodia hippophaes
3772087,3801143,3801143,48329,Antrodia hippophaës,Antrodia hippophaës
4084206,484730,484729,<NULL>,Apechoneura,Apechoneura
4400217,4560606,4560606,769762,Apechoneura,Apechoneura
4082318,980974,980973,<NULL>,Aphoenops,Aphoenops
4423967,4591890,4591890,413454,Aphoenops,Aphoenops
4179827,4278914,4278914,4278850,Apicia oberthuri,Apicia oberthuri
4179864,4278959,4278959,4278850,Apicia oberthüri,Apicia oberthüri
2387774,309336,309336,4136992,Apogon cathetogrammus,Apogon cathetogrammus
4109031,309340,309336,<NULL>,Apogon cathetogrammus,Apogon cathetogrammus
3106403,3135274,3135274,881842,Aporia oberthuri,Aporia oberthuri
3106455,3135326,3135326,881842,Aporia oberthüri,Aporia oberthüri
3890095,3919244,3919244,301502,Archidendron künstleri,Archidendron künstleri
3890102,3919251,3919251,301502,Archidendron kunstleri,Archidendron kunstleri
2470116,472696,472696,4727310,Arctanthemum arcticum,Arctanthemum arcticum
4073584,472697,472696,<NULL>,Arctanthemum arcticum,Arctanthemum arcticum
2839275,2868109,2868109,331557,Argonauta bottgeri,Argonauta bottgeri
2839279,2868113,2868113,331557,Argonauta böttgeri,Argonauta böttgeri
2726953,989945,989945,376122,Armillaria jezoensis,Armillaria jezoensis
3803175,3832244,3832244,376122,Armillaria jezoënsis,Armillaria jezoënsis
2957893,2986733,2986733,227563,Arrhis lütkeni,Arrhis lütkeni
2957894,2986734,2986734,227563,Arrhis lutkeni,Arrhis lutkeni
2640260,816890,816890,816889,Artedidraco lonnbergi,Artedidraco lonnbergi
3606454,3635407,3635407,816889,Artedidraco lönnbergi,Artedidraco lönnbergi
4175475,4273388,4273388,4273386,Artemidora alphérakyi,Artemidora alphérakyi
4175478,4273391,4273391,4273386,Artemidora alpherakyi,Artemidora alpherakyi
3590149,3619094,3619094,968551,Arthroleptis lonnbergi,Arthroleptis lonnbergi
3590151,3619096,3619096,968551,Arthroleptis lönnbergi,Arthroleptis lönnbergi
2710850,958192,958192,723278,Aseroe,Aseroe
4804766,4100306,4100306,595719,Aseroë,Aseroë
126380,343484,343484,958192,Aseroe arachnoidea,Aseroe arachnoidea
4804772,4100312,4100312,4100306,Aseroë arachnoidea,Aseroë arachnoidea
1923503,1039043,1039043,958192,Aseroe rubra,Aseroe rubra
4804778,4100318,4100318,4100306,Aseroë rubra,Aseroë rubra
4881909,4177573,4177573,4177571,Asiadodis yunnanensis,Asiadodis yunnanensis
4881910,4177574,4177574,4177571,Asiadodis yünnanensis,Asiadodis yünnanensis
2664594,865795,865795,865790,Aspicilia simoensis,Aspicilia simoensis
3754156,3783200,3783200,865790,Aspicilia simoënsis,Aspicilia simoënsis
3680324,3709307,3709307,154168,Asteridiella entebbeënsis,Asteridiella entebbeënsis
3680835,3709818,3709818,154168,Asteridiella entebbeensis,Asteridiella entebbeensis
4018266,166667,166666,<NULL>,Asterothyriaceae,Asterothyriaceae
4772106,4067595,4067595,655799,Asterothyriaceae,Asterothyriaceae
848887,420291,420291,420292,Astrocystis cocoes,Astrocystis cocoes
3665410,3694385,3694385,420292,Astrocystis cocoës,Astrocystis cocoës
4058300,465226,465225,<NULL>,Audycoptidae,Audycoptidae
4577897,4698488,4698488,511967,Audycoptidae,Audycoptidae
2935916,2964755,2964755,427838,Aurila buhyüi,Aurila buhyüi
2935927,2964766,2964766,427838,Aurila buhyui,Aurila buhyui
3156066,3184940,3184940,1081440,Automolis haematoëssa,Automolis haematoëssa
3157683,3186557,3186557,1081440,Automolis haematoessa,Automolis haematoessa
4024066,614530,614529,<NULL>,Aviculariidae,Aviculariidae
4705479,4695987,4695987,614523,Aviculariidae,Aviculariidae
2593955,722761,722761,826546,Babesia sp. 'venatorum',Babesia sp. 'venatorum'
3999597,722762,722761,<NULL>,Babesia sp. 'venatorum',Babesia sp. 'venatorum'
549096,306623,306623,90708,Balansia epichloe,Balansia epichloe
3671580,3700557,3700557,90708,Balansia epichloë,Balansia epichloë
2469595,471718,471718,570649,Beroe,Beroe
3655249,3684215,3684215,570649,Beröe,Beröe
4165823,4261293,4261293,4261284,Bertula saigonensis,Bertula saigonensis
4165841,4261312,4261312,4261284,Bertula saïgonensis,Bertula saïgonensis
828904,892381,892381,317791,Beta,Beta
1617406,892381,892381,317791,Beta,Beta
2438556,410020,410020,505295,Bionectria epichloe,Bionectria epichloe
3674025,3703003,3703003,505295,Bionectria epichloë,Bionectria epichloë
1895969,40721,40721,432347,Bipolaris cynodontis,Bipolaris cynodontis
4110690,40722,40721,<NULL>,Bipolaris cynodontis,Bipolaris cynodontis
2263953,61100,61100,432347,Bipolaris microlaenae,Bipolaris microlaenae
4036315,61101,61100,<NULL>,Bipolaris microlaenae,Bipolaris microlaenae
2457919,448808,448808,432347,Bipolaris oryzae,Bipolaris oryzae
4110682,448809,448808,<NULL>,Bipolaris oryzae,Bipolaris oryzae
554899,204741,204741,432347,Bipolaris sorokiniana,Bipolaris sorokiniana
4110684,204742,204741,<NULL>,Bipolaris sorokiniana,Bipolaris sorokiniana
2073855,779625,779625,432347,Bipolaris victoriae,Bipolaris victoriae
4036303,779626,779625,<NULL>,Bipolaris victoriae,Bipolaris victoriae
2436613,406098,406098,432347,Bipolaris zeicola,Bipolaris zeicola
4110683,406099,406098,<NULL>,Bipolaris zeicola,Bipolaris zeicola
4096049,830520,830519,<NULL>,Boarmia,Boarmia
4181663,4281236,4281236,968124,Boarmia,Boarmia
3993125,763038,763037,<NULL>,Bonordeniella,Bonordeniella
4767074,4062526,4062526,537959,Bonordeniella,Bonordeniella
2568388,671315,671315,764194,Boophis burgeri,Boophis burgeri
3589121,3618053,3618053,750471,Boophis bürgeri,Boophis bürgeri
2623124,781135,781135,121428,Botryocladia monoica,Botryocladia monoica
3983715,4013096,4013096,121428,Botryocladia monoïca,Botryocladia monoïca
2742681,1021301,1021301,181795,Brahmaea tancrei,Brahmaea tancrei
3073158,3102028,3102028,181795,Brahmaea tancréi,Brahmaea tancréi
1133275,102083,102083,102086,Brasiella argentata,Brasiella argentata
4086317,102084,102083,<NULL>,Brasiella argentata,Brasiella argentata
1235878,102095,102095,102086,Brasiella hemichrysea,Brasiella hemichrysea
4086315,102096,102095,<NULL>,Brasiella hemichrysea,Brasiella hemichrysea
3995234,747363,747361,<NULL>,Brownia,Brownia
4698458,4613957,4613957,865249,Brownia,Brownia
2395314,324109,324109,883497,Calandrinia ciliata var. menziesii,Calandrinia ciliata var. menziesii
4034437,179630,179628,<NULL>,Calandrinia ciliata var. menziesii,Calandrinia ciliata var. menziesii
3096852,3125723,3125723,96972,Calephelis burgeri,Calephelis burgeri
3096864,3125735,3125735,96972,Calephelis bürgeri,Calephelis bürgeri
3075037,3103907,3103907,401862,Caligo oberthurii,Caligo oberthurii
3075038,3103908,3103908,401862,Caligo oberthürii,Caligo oberthürii
4079873,506302,506300,<NULL>,Callaphididae,Callaphididae
4134067,4222362,4222362,603650,Callaphididae,Callaphididae
1708226,818557,818557,987814,Callithomia alexirrhoe,Callithomia alexirrhoe
3089826,3118697,3118697,987814,Callithomia alexirrhoë,Callithomia alexirrhoë
3156703,3185577,3185577,3184161,Callitomis mjöbergi,Callitomis mjöbergi
3161400,3190274,3190274,3184161,Callitomis mjobergi,Callitomis mjobergi
3749437,3778480,3778480,792562,Caloplaca tornoensis,Caloplaca tornoensis
3749560,3778603,3778603,792562,Caloplaca tornoënsis,Caloplaca tornoënsis
4023520,682352,682351,<NULL>,Canomaculina,Canomaculina
4768097,4063552,4063552,305904,Canomaculina,Canomaculina
2902317,2931156,2931156,572517,Carinina burgeri,Carinina burgeri
2902318,2931157,2931157,572517,Carinina bürgeri,Carinina bürgeri
1527111,1025442,1025442,3944776,Caroxylon abarghuense,Caroxylon abarghuense
4026302,1025443,1025442,<NULL>,Caroxylon abarghuense,Caroxylon abarghuense
1130910,1030561,1030561,3944776,Caroxylon araneosum,Caroxylon araneosum
4026300,1030562,1030561,<NULL>,Caroxylon araneosum,Caroxylon araneosum
271392,1025451,1025451,3944776,Caroxylon carpathum,Caroxylon carpathum
4026301,1025452,1025451,<NULL>,Caroxylon carpathum,Caroxylon carpathum
1056465,1025455,1025455,3944776,Caroxylon chorassanicum,Caroxylon chorassanicum
4026304,1025456,1025455,<NULL>,Caroxylon chorassanicum,Caroxylon chorassanicum
755409,696141,696141,3944776,Caroxylon vermiculatum,Caroxylon vermiculatum
4026295,696142,696141,<NULL>,Caroxylon vermiculatum,Caroxylon vermiculatum
4012716,543337,543336,<NULL>,Caulastrea,Caulastrea
4584863,4714877,4714877,992407,Caulastrea,Caulastrea
4669091,4547466,4547466,873367,Cenocoelius eous,Cenocoelius eous
4669095,4547470,4547470,873367,Cenocoelius eöus,Cenocoelius eöus
3999441,434621,434620,<NULL>,Cephalorhyncha,Cephalorhyncha
4873024,4168674,4168674,3583575,Cephalorhyncha,Cephalorhyncha
3028625,3057466,3057466,240448,Cerace lemée-pauli,Cerace lemée-pauli
3030604,3059445,3059445,240448,Cerace lemee-pauli,Cerace lemee-pauli
4015865,595378,595377,<NULL>,Cerebella,Cerebella
4785843,4081344,4081344,699905,Cerebella,Cerebella
4092356,484714,484713,<NULL>,Chaetodiopsis,Chaetodiopsis
4612850,4425937,4425937,648351,Chaetodiopsis,Chaetodiopsis
307750,144829,144829,940033,Chenia leptophylla,Chenia leptophylla
4527678,4733915,4733915,940033,Chenia leptophylla,Chenia leptophylla
4099148,661371,661370,<NULL>,Chilasa,Chilasa
4147473,4238388,4238388,661439,Chilasa,Chilasa
1571272,651339,651339,339002,Chlorella lobophora,Chlorella lobophora
3998877,651340,651339,<NULL>,Chlorella lobophora,Chlorella lobophora
2383704,301042,301042,339002,Chlorella pulchelloides,Chlorella pulchelloides
4649792,4734267,4734267,339002,Chlorella pulchelloides,Chlorella pulchelloides
2727142,990317,990317,132568,Chlorotetraedron,Chlorotetraedron
4528309,4735042,4735042,132568,Chlorotetraëdron,Chlorotetraëdron
1673975,990316,990316,990317,Chlorotetraedron incus,Chlorotetraedron incus
4528310,4735043,4735043,4735042,Chlorotetraëdron incus,Chlorotetraëdron incus
661063,230733,230733,230746,Chondrostylis kunstleri,Chondrostylis kunstleri
3885802,3914948,3914948,230746,Chondrostylis künstleri,Chondrostylis künstleri
4023765,359502,359501,<NULL>,Chromocrea,Chromocrea
4762958,4058407,4058407,728370,Chromocrea,Chromocrea
3072105,3100975,3100975,507037,Citheronia laocoön,Citheronia laocoön
3072106,3100976,3100976,507037,Citheronia laocoon,Citheronia laocoon
4082472,494973,494972,<NULL>,Cleonis,Cleonis
4436203,4608021,4608021,865249,Cleonis,Cleonis
4110527,410021,410020,<NULL>,Clonostachys epichloe,Clonostachys epichloe
4721281,4059085,4059085,802728,Clonostachys epichloë,Clonostachys epichloë
3972790,4002161,4002161,900417,Codium guineense,Codium guineense
3972849,4002220,4002220,900417,Codium guineënse,Codium guineënse
2357611,248890,248890,980455,Coendou insidiosus,Coendou insidiosus
4088491,248891,248890,<NULL>,Coendou insidiosus,Coendou insidiosus
2707097,950500,950500,980455,Coendou melanurus,Coendou melanurus
4088493,950501,950500,<NULL>,Coendou melanurus,Coendou melanurus
2484645,502176,502176,560623,Coilia,Coilia
3599639,3628592,3628592,232621,Coïlia,Coïlia
2325789,184867,184867,115493,Colletes eous,Colletes eous
3246212,3275101,3275101,115493,Colletes eöus,Colletes eöus
3057420,3086262,3086262,118893,Colostygia püngeleri,Colostygia püngeleri
3057428,3086270,3086270,118893,Colostygia pungeleri,Colostygia pungeleri
4104730,625176,625175,<NULL>,Coniferocoris,Coniferocoris
4111553,4195272,4195272,65329,Coniferocoris,Coniferocoris
3634296,3663256,3663256,283420,Convoluta böhmigi,Convoluta böhmigi
3634310,3663270,3663270,283420,Convoluta bohmigi,Convoluta bohmigi
2458940,450882,450882,4135037,Coptodon dageti,Coptodon dageti
4110091,450883,450882,<NULL>,Coptodon dageti,Coptodon dageti
2936508,2965347,2965347,2965338,Cornucoquimba shyushuhi,Cornucoquimba shyushuhi
2937293,2966132,2966132,2965338,Cornucoquimba shyüshuhi,Cornucoquimba shyüshuhi
3057543,3086385,3086385,761575,Cosmorhoe neëlys,Cosmorhoe neëlys
3057545,3086387,3086387,761575,Cosmorhoe neelys,Cosmorhoe neelys
4075764,204418,204417,<NULL>,Cottesloe,Cottesloe
4484522,4672819,4672819,278233,Cottesloe,Cottesloe
3471887,3500790,3500790,178928,Cranaë,Cranaë
3472292,3501195,3501195,178928,Cranae,Cranae
3471888,3500791,3500791,3500790,Cranaë caprai,Cranaë caprai
3474196,3503099,3503099,3501195,Cranae caprai,Cranae caprai
3474205,3503108,3503108,3501195,Cranae emendata,Cranae emendata
3474207,3503110,3503110,3500790,Cranaë emendata,Cranaë emendata
3471886,3500789,3500789,3500790,Cranaë genjam,Cranaë genjam
3473530,3502433,3502433,3501195,Cranae genjam,Cranae genjam
3474189,3503092,3503092,3501195,Cranae glabra,Cranae glabra
3475264,3504167,3504167,3500790,Cranaë glabra,Cranaë glabra
3474197,3503100,3503100,3501195,Cranae kuekenthali,Cranae kuekenthali
3475059,3503962,3503962,3500790,Cranaë kuekenthali,Cranaë kuekenthali
3474203,3503106,3503106,3501195,Cranae longipennis,Cranae longipennis
3475806,3504709,3504709,3500790,Cranaë longipennis,Cranaë longipennis
3472302,3501205,3501205,3501195,Cranae luctuosa,Cranae luctuosa
3475812,3504715,3504715,3500790,Cranaë luctuosa,Cranaë luctuosa
3474190,3503093,3503093,3501195,Cranae manokwari,Cranae manokwari
3475815,3504718,3504718,3500790,Cranaë manokwari,Cranaë manokwari
3472301,3501204,3501204,3501195,Cranae nigroreticulata,Cranae nigroreticulata
3474788,3503691,3503691,3500790,Cranaë nigroreticulata,Cranaë nigroreticulata
3473531,3502434,3502434,3501195,Cranae patagiata,Cranae patagiata
3474201,3503104,3503104,3500790,Cranaë patagiata,Cranaë patagiata
3472299,3501202,3501202,3501195,Cranae pictipennis,Cranae pictipennis
3475811,3504714,3504714,3500790,Cranaë pictipennis,Cranaë pictipennis
3474211,3503114,3503114,3501195,Cranae rubra,Cranae rubra
3475816,3504719,3504719,3500790,Cranaë rubra,Cranaë rubra
3473529,3502432,3502432,3501195,Cranae rufipes,Cranae rufipes
3474560,3503463,3503463,3500790,Cranaë rufipes,Cranaë rufipes
3475060,3503963,3503963,3501195,Cranae tibialis,Cranae tibialis
3475062,3503965,3503965,3500790,Cranaë tibialis,Cranaë tibialis
3474210,3503113,3503113,3501195,Cranae trivittata,Cranae trivittata
3475819,3504722,3504722,3500790,Cranaë trivittata,Cranaë trivittata
3473528,3502431,3502431,3501195,Cranae unistrigata,Cranae unistrigata
3474790,3503693,3503693,3500790,Cranaë unistrigata,Cranaë unistrigata
3989706,497058,497055,<NULL>,Cryptophyceae,Cryptophyceae
4717708,4739116,4739116,497055,Cryptophyceae,Cryptophyceae
2035016,638546,638546,24474,Culter erythropterus,Culter erythropterus
4094098,638550,638546,<NULL>,Culter erythropterus,Culter erythropterus
2757292,1050447,1050447,24474,Culter ilishaeformis,Culter ilishaeformis
4094095,1050449,1050447,<NULL>,Culter ilishaeformis,Culter ilishaeformis
503085,995631,995631,838975,Curvularia cymbopogonis,Curvularia cymbopogonis
4110697,995632,995631,<NULL>,Curvularia cymbopogonis,Curvularia cymbopogonis
2249667,31622,31622,838976,Curvularia lunata CX-3,Curvularia lunata CX-3
4048715,31623,31622,<NULL>,Curvularia lunata CX-3,Curvularia lunata CX-3
2557709,649361,649361,838975,Curvularia spicifera,Curvularia spicifera
4036307,649364,649361,<NULL>,Curvularia spicifera,Curvularia spicifera
2579103,692984,692984,838975,Curvularia verruculosa,Curvularia verruculosa
4110693,692985,692984,<NULL>,Curvularia verruculosa,Curvularia verruculosa
1728642,696106,696106,696060,Cyanidiaceae,Cyanidiaceae (family in order Cyanidiales)
4529494,4737163,4737163,4737162,Cyanidiaceae,Cyanidiaceae (family in order Cyanidiales)
2276001,85502,85502,696106,Cyanidioschyzon,Cyanidioschyzon (genus in family Cyanidiaceae)
4695854,4737173,4737173,4737163,Cyanidioschyzon,Cyanidioschyzon (genus in family Cyanidiaceae)
1821911,85503,85503,85502,Cyanidioschyzon merolae,Cyanidioschyzon merolae (species in family Cyanidiaceae)
4529500,4737174,4737174,4737173,Cyanidioschyzon merolae,Cyanidioschyzon merolae (species in family Cyanidiaceae)
2410187,354210,354210,696106,Cyanidium,Cyanidium (genus in family Cyanidiaceae)
4529501,4737175,4737175,4737163,Cyanidium,Cyanidium (genus in family Cyanidiaceae)
959622,354211,354211,354210,Cyanidium caldarium,Cyanidium caldarium (species in family Cyanidiaceae)
4529502,4737176,4737176,4737175,Cyanidium caldarium,Cyanidium caldarium (species in family Cyanidiaceae)
4018312,237913,237912,<NULL>,Cyathicula,Cyathicula
4748568,4044000,4044000,880964,Cyathicula,Cyathicula
4088191,492978,492977,<NULL>,Cyclodina,Cyclodina
4828730,4124297,4124297,1091911,Cyclodina,Cyclodina
2409425,352588,352588,13254,Cyrto-hypnum,Cyrto-hypnum
3835788,3864868,3864868,13254,Cyrto-Hypnum,Cyrto-Hypnum
3830469,3859547,3859547,352588,Cyrto-hypnum arzobispoae,Cyrto-hypnum arzobispoae
3836280,3865360,3865360,3864868,Cyrto-Hypnum arzobispoae,Cyrto-Hypnum arzobispoae
3830468,3859546,3859546,352588,Cyrto-hypnum atlanticum,Cyrto-hypnum atlanticum
3836284,3865364,3865364,3864868,Cyrto-Hypnum atlanticum,Cyrto-Hypnum atlanticum
3830477,3859555,3859555,352588,Cyrto-hypnum brachythecium,Cyrto-hypnum brachythecium
3836400,3865480,3865480,3864868,Cyrto-Hypnum brachythecium,Cyrto-Hypnum brachythecium
3830467,3859545,3859545,352588,Cyrto-hypnum cylindraceum,Cyrto-hypnum cylindraceum
3836350,3865430,3865430,3864868,Cyrto-Hypnum cylindraceum,Cyrto-Hypnum cylindraceum
3830470,3859548,3859548,352588,Cyrto-hypnum espinosae,Cyrto-hypnum espinosae
3836111,3865191,3865191,3864868,Cyrto-Hypnum espinosae,Cyrto-Hypnum espinosae
3830472,3859550,3859550,352588,Cyrto-hypnum frontinoae,Cyrto-hypnum frontinoae
3836398,3865478,3865478,3864868,Cyrto-Hypnum frontinoae,Cyrto-Hypnum frontinoae
3830473,3859551,3859551,352588,Cyrto-hypnum intermedium,Cyrto-hypnum intermedium
3836315,3865395,3865395,3864868,Cyrto-Hypnum intermedium,Cyrto-Hypnum intermedium
3830479,3859557,3859557,352588,Cyrto-hypnum lepidoziaceum,Cyrto-hypnum lepidoziaceum
3836286,3865366,3865366,3864868,Cyrto-Hypnum lepidoziaceum,Cyrto-Hypnum lepidoziaceum
3830466,3859544,3859544,352588,Cyrto-hypnum pseudoinvolvens,Cyrto-hypnum pseudoinvolvens
3836285,3865365,3865365,3864868,Cyrto-Hypnum pseudoinvolvens,Cyrto-Hypnum pseudoinvolvens
3830471,3859549,3859549,352588,Cyrto-hypnum sharpii,Cyrto-hypnum sharpii
3836279,3865359,3865359,3864868,Cyrto-Hypnum sharpii,Cyrto-Hypnum sharpii
3830475,3859553,3859553,352588,Cyrto-hypnum stevensii,Cyrto-hypnum stevensii
3836399,3865479,3865479,3864868,Cyrto-Hypnum stevensii,Cyrto-Hypnum stevensii
4092354,534911,534910,<NULL>,Cyrtodiopsis,Cyrtodiopsis
4295721,4425925,4425925,648351,Cyrtodiopsis,Cyrtodiopsis
2935512,2964351,2964351,684631,Cythere yüniangae,Cythere yüniangae
2935562,2964401,2964401,684631,Cythere yuniangae,Cythere yuniangae
2935960,2964799,2964799,2964796,Cytheroma yüeri,Cytheroma yüeri
2935983,2964822,2964822,2964796,Cytheroma yueri,Cytheroma yueri
3669061,3698037,3698037,636474,Cytospora hippophaës,Cytospora hippophaës
3669315,3698291,3698291,636474,Cytospora hippophaes,Cytospora hippophaes
4092351,397582,397580,<NULL>,Czernyola,Czernyola
4271536,4394956,4394956,230909,Czernyola,Czernyola
2685525,907835,907835,1095620,Daedaleopsis tricolor,Daedaleopsis tricolor
4015091,907838,907835,<NULL>,Daedaleopsis tricolor,Daedaleopsis tricolor
3187093,3215969,3215969,585947,Dasychira plötzi,Dasychira plötzi
3187100,3215976,3215976,585947,Dasychira plotzi,Dasychira plotzi
4173481,4270867,4270867,4270856,Dasyuris catadeës,Dasyuris catadeës
4173493,4270881,4270881,4270856,Dasyuris catadees,Dasyuris catadees
2515691,564016,564016,844192,Deinococcus-Thermus,Deinococcus-Thermus
3989404,4018787,4018787,564016,Deinococcus-thermus,Deinococcus-thermus
4063933,692377,692375,<NULL>,Dendranthema,Dendranthema
4588387,4727661,4727661,46248,Dendranthema,Dendranthema
2735412,1006785,1006785,991824,Dendro-hypnum,Dendro-hypnum
4658521,4733753,4733753,991824,Dendro-Hypnum,Dendro-Hypnum
3669789,3698765,3698765,737681,Diaporthe hippophaes,Diaporthe hippophaes
3670240,3699216,3699216,737681,Diaporthe hippophaës,Diaporthe hippophaës
2383556,300745,300745,737681,Diaporthe sojae,Diaporthe sojae
4036804,300746,300745,<NULL>,Diaporthe sojae,Diaporthe sojae
2624086,783192,783192,208942,Dictyosoma burgeri,Dictyosoma burgeri
3603945,3632898,3632898,208942,Dictyosoma bürgeri,Dictyosoma bürgeri
2791434,2820256,2820256,48623,Dictyota guineënsis,Dictyota guineënsis
2791467,2820289,2820289,48623,Dictyota guineensis,Dictyota guineensis
4084470,498211,498209,<NULL>,Dimorpha,Dimorpha
4530510,4739003,4739003,4738948,Dimorpha,Dimorpha
4048882,99336,99335,<NULL>,Dinocryptops,Dinocryptops
4873799,4169450,4169450,689336,Dinocryptops,Dinocryptops
3989790,621385,621380,<NULL>,Dinophyta,Dinophyta
4629127,4801746,4801746,4796809,Dinophyta,Dinophyta
4012790,564977,564976,<NULL>,Diphterostomum,Diphterostomum
4512695,4711783,4711783,8072,Diphterostomum,Diphterostomum
4792126,4087637,4087637,439373,Diploöspora,Diploöspora
4797346,4092860,4092860,439373,Diploospora,Diploospora
4769125,4064581,4064581,4064580,Diplophragmia petsamoensis,Diplophragmia petsamoensis
4769126,4064582,4064582,4064580,Diplophragmia petsamoënsis,Diplophragmia petsamoënsis
2349314,231846,231846,1029115,Disanthus cercidifolius subsp. longipes,Disanthus cercidifolius subsp. longipes
4034666,231847,231846,<NULL>,Disanthus cercidifolius subsp. longipes,Disanthus cercidifolius subsp. longipes
3995059,956830,956825,<NULL>,Discomyces,Discomyces
4820079,4115637,4115637,352914,Discomyces,Discomyces
1084442,<NULL>,12694,<NULL>,Dothidea hippophaes,Dothidea hippophaes
3688638,3717635,12694,666123,Dothidea hippophaës,Dothidea hippophaës
3688722,3717719,12694,666123,Dothidea hippophaes,Dothidea hippophaes
1593183,4731349,4731349,508090,Drake-brockmania,Drake-brockmania
4526098,4731303,4731303,508090,Drake-Brockmania,Drake-Brockmania
3041350,3070191,3070191,1064479,Drepanogynis athroopsegma,Drepanogynis athroopsegma
3041376,3070217,3070217,1064479,Drepanogynis athroöpsegma,Drepanogynis athroöpsegma
3035107,3063948,3063948,506702,Drephalys eous,Drephalys eous
3035108,3063949,3063949,506702,Drephalys eöus,Drephalys eöus
3837432,3866518,722163,41618,Dryopteris goldiana,Dryopteris goldiana
3837441,3866527,3866527,41618,Dryopteris göldiana,Dryopteris göldiana
3466627,3495530,3495530,3495442,Ebnerodes tölgi,Ebnerodes tölgi
3466798,3495701,3495701,3495442,Ebnerodes tolgi,Ebnerodes tolgi
4023768,64415,64414,<NULL>,Echinodothis,Echinodothis
4763493,4058942,4058942,969668,Echinodothis,Echinodothis
4007332,654522,654521,<NULL>,Echinosporangium,Echinosporangium
4531743,4741171,4741171,674033,Echinosporangium,Echinosporangium
3154305,3183178,3183178,20810,Eilema hönei,Eilema hönei
3154373,3183246,3183246,20810,Eilema honei,Eilema honei
3057595,3086437,3086437,761585,Electrophaes chrysophaes,Electrophaes chrysophaes
3057605,3086447,3086447,761585,Electrophaes chrysophaës,Electrophaes chrysophaës
3186140,3215016,3215016,168478,Eloria guenéei,Eloria guenéei
3186170,3215046,3215046,168478,Eloria gueneei,Eloria gueneei
2582948,700619,700619,700620,Elsinoe,Elsinoe
3688276,3717271,3717271,700620,Elsinoë,Elsinoë
2466112,465113,465113,700619,Elsinoe ampelina,Elsinoe ampelina
3688409,3717404,3717404,3717271,Elsinoë ampelina,Elsinoë ampelina
2750868,1038026,1038026,700619,Elsinoe araliae,Elsinoe araliae
3688352,3717347,3717347,3717271,Elsinoë araliae,Elsinoë araliae
2582946,700615,700615,700619,Elsinoe australis,Elsinoe australis
3688394,3717389,3717389,3717271,Elsinoë australis,Elsinoë australis
2449575,432198,432198,700619,Elsinoe banksiae,Elsinoe banksiae
3688334,3717329,3717329,3717271,Elsinoë banksiae,Elsinoë banksiae
2395575,324684,324684,700619,Elsinoe brasiliensis,Elsinoe brasiliensis
3688391,3717386,3717386,3717271,Elsinoë brasiliensis,Elsinoë brasiliensis
1815736,758272,758272,700619,Elsinoe eucalypticola,Elsinoe eucalypticola
3688384,3717379,3717379,3717271,Elsinoë eucalypticola,Elsinoë eucalypticola
1629083,430561,430561,700619,Elsinoe eucalyptorum,Elsinoe eucalyptorum
3688335,3717330,3717330,3717271,Elsinoë eucalyptorum,Elsinoë eucalyptorum
2582947,700616,700616,700619,Elsinoe fawcettii,Elsinoe fawcettii
3688475,3717472,3717472,3717271,Elsinoë fawcettii,Elsinoë fawcettii
2726363,988781,988781,700619,Elsinoe leucospermi,Elsinoe leucospermi
3688411,3717406,3717406,3717271,Elsinoë leucospermi,Elsinoë leucospermi
2656296,849088,849088,700619,Elsinoe mimosae,Elsinoe mimosae
3688336,3717331,3717331,3717271,Elsinoë mimosae,Elsinoë mimosae
1129301,3717454,3717454,3717271,Elsinoë phaseoli,Elsinoë phaseoli
1968928,663857,663857,700619,Elsinoe phaseoli,Elsinoe phaseoli
2726362,988780,988780,700619,Elsinoe proteae,Elsinoe proteae
3688343,3717338,3717338,3717271,Elsinoë proteae,Elsinoë proteae
3688383,3717378,3717378,3717271,Elsinoë pyri,Elsinoë pyri
4782499,4077997,4077997,700619,Elsinoe pyri,Elsinoe pyri
992121,3717469,3717469,3717271,Elsinoë veneta,Elsinoë veneta
1284325,405881,405881,700619,Elsinoe veneta,Elsinoe veneta
2656297,849090,849090,700619,Elsinoe verbenae,Elsinoe verbenae
3688457,3717452,3717452,3717271,Elsinoë verbenae,Elsinoë verbenae
3026944,3055785,3055785,3055623,Enarmonia decor,Enarmonia decor
3030439,3059280,3059280,3055623,Enarmonia décor,Enarmonia décor
2448469,429888,429888,580341,Endoxyla,Endoxyla (genus in family Boliniaceae)
4759454,4054899,4054899,580341,Endoxyla,Endoxyla (genus in family Boliniaceae)
4032761,722579,722577,<NULL>,Engelhardtia,Engelhardtia
4166490,4262191,4262191,742352,Engelhardtia,Engelhardtia
2955955,2984795,2984795,2984765,Eohaustorius eous,Eohaustorius eous
2955973,2984813,2984813,2984765,Eohaustorius eöus,Eohaustorius eöus
20319,908827,908827,969668,Epichloe,Epichloe
4763449,4058898,4058898,969668,Epichloë,Epichloë
644800,369201,369201,908827,Epichloe amarillans,Epichloe amarillans
1662896,369201,369201,908827,Epichloe amarillans,Epichloe amarillans
4763467,4058916,4058916,4058898,Epichloë amarillans,Epichloë amarillans
771158,128044,128044,908827,Epichloe baconii,Epichloe baconii
1446466,128044,128044,908827,Epichloe baconii,Epichloe baconii
4763468,4058917,4058917,4058898,Epichloë baconii,Epichloë baconii
928865,905108,905108,908827,Epichloe brachyelytri,Epichloe brachyelytri
1544298,905108,905108,908827,Epichloe brachyelytri,Epichloe brachyelytri
4763473,4058922,4058922,4058898,Epichloë brachyelytri,Epichloë brachyelytri
20670,905106,905106,908827,Epichloe bromicola,Epichloe bromicola
4763452,4058901,4058901,4058898,Epichloë bromicola,Epichloë bromicola
31935,128045,128045,908827,Epichloe clarkii,Epichloe clarkii
4763456,4058905,4058905,4058898,Epichloë clarkii,Epichloë clarkii
81740,745528,745528,908827,Epichloe elymi,Epichloe elymi
1952854,745528,745528,908827,Epichloe elymi,Epichloe elymi
4763450,4058899,4058899,4058898,Epichloë elymi,Epichloë elymi
31939,137209,137209,908827,Epichloe festucae,Epichloe festucae
1859308,137209,137209,908827,Epichloe festucae,Epichloe festucae
4763469,4058918,4058918,4058898,Epichloë festucae,Epichloë festucae
31938,89725,89725,908827,Epichloe glyceriae,Epichloe glyceriae
1193773,89725,89725,908827,Epichloe glyceriae,Epichloe glyceriae
4763458,4058907,4058907,4058898,Epichloë glyceriae,Epichloë glyceriae
677764,380242,380242,908827,Epichloe sylvatica,Epichloe sylvatica
4763459,4058908,4058908,4058898,Epichloë sylvatica,Epichloë sylvatica
672172,103011,103011,908827,Epichloe typhina,Epichloe typhina
4763464,4058913,4058913,4058898,Epichloë typhina,Epichloë typhina
2369437,272669,272669,908827,Epichloe yangzii,Epichloe yangzii
4763465,4058914,4058914,4058898,Epichloë yangzii,Epichloë yangzii
1511166,852668,852668,852681,Eptatretus burgeri,Eptatretus burgeri
3615213,3644167,3644167,852681,Eptatretus bürgeri,Eptatretus bürgeri
4088174,740047,740046,<NULL>,Eridiphas,Eridiphas
4826427,4121994,4121994,764400,Eridiphas,Eridiphas
3253220,3282111,3282111,612399,Eridolius schiodtei,Eridolius schiodtei
3253272,3282163,3282163,612399,Eridolius schiödtei,Eridolius schiödtei
4088950,780003,780002,<NULL>,Erosomyia,Erosomyia
4341345,4484514,4484514,933819,Erosomyia,Erosomyia
3455974,3484877,3484877,3484878,Erythrogryllacris büttikoferi,Erythrogryllacris büttikoferi
3456033,3484936,3484936,3484878,Erythrogryllacris buttikoferi,Erythrogryllacris buttikoferi
3990013,777933,777931,<NULL>,Erythrosphaera,Erythrosphaera
4758838,4054282,4054282,649020,Erythrosphaera,Erythrosphaera
2739920,1015590,1015590,405652,Eudontomyzon morii,Eudontomyzon morii
4024272,1015591,1015590,<NULL>,Eudontomyzon morii,Eudontomyzon morii
3087989,3116860,3116860,591532,Euploea guerini,Euploea guerini
3088300,3117171,3117171,591532,Euploea guérini,Euploea guérini
4048895,338182,338181,<NULL>,Eusparassidae,Eusparassidae
4501006,4695387,4695387,614523,Eusparassidae,Eusparassidae
3091977,3120848,3120848,930116,Euthalia aeetes,Euthalia aeetes
3092073,3120944,3120944,930116,Euthalia aeëtes,Euthalia aeëtes
3080473,3109344,3109344,862439,Faunis aërope,Faunis aërope
3080496,3109367,3109367,862439,Faunis aerope,Faunis aerope
4012649,886422,886421,<NULL>,Fimaria,Fimaria
4788802,4084309,4084309,620530,Fimaria,Fimaria
3989782,936400,936399,<NULL>,Foraminiferida,Foraminiferida
4648553,4802685,4802685,4802682,Foraminiferida,Foraminiferida
3812035,3841104,3841104,12716,Frommeella,Frommeella
3812082,3841151,3841151,12716,Frommeëlla,Frommeëlla
3812081,3841150,3841150,3841151,Frommeëlla tormentillae,Frommeëlla tormentillae
3812086,3841155,3841155,3841104,Frommeella tormentillae,Frommeella tormentillae
3995055,68198,68197,<NULL>,Frondicola,Frondicola
4756412,4051852,4051852,854801,Frondicola,Frondicola
4796674,4092188,4092188,4092187,Fujimyces oödes,Fujimyces oödes
4796675,4092189,4092189,4092187,Fujimyces oodes,Fujimyces oodes
382079,332620,332620,696106,Galdieria,Galdieria (genus in family Cyanidiaceae)
4695773,4737164,4737164,4737163,Galdieria,Galdieria (genus in family Cyanidiaceae)
2747756,1031756,1031756,332620,Galdieria daedala,Galdieria daedala (species in family Cyanidiaceae)
4695779,4737165,4737165,4737164,Galdieria daedala,Galdieria daedala (species in family Cyanidiaceae)
2285890,105548,105548,332620,Galdieria maxima,Galdieria maxima (species in family Cyanidiaceae)
4695797,4737166,4737166,4737164,Galdieria maxima,Galdieria maxima (species in family Cyanidiaceae)
1822447,332615,332615,332620,Galdieria partita,Galdieria partita (species in family Cyanidiaceae)
4695817,4737167,4737167,4737164,Galdieria partita,Galdieria partita (species in family Cyanidiaceae)
1995556,369285,369285,332620,Galdieria sulphuraria,Galdieria sulphuraria (species in family Cyanidiaceae)
4529495,4737168,4737168,4737164,Galdieria sulphuraria,Galdieria sulphuraria (species in family Cyanidiaceae)
4435488,4607074,4607074,217604,Ganaë,Ganaë
4476849,4662655,4662655,865243,Ganae,Ganae
3980582,4009960,4009960,99778,Gelidium samoense,Gelidium samoense
3980607,4009985,4009985,99778,Gelidium samoënse,Gelidium samoënse
3989704,664971,664970,<NULL>,Glaucophyceae,Glaucophyceae
4717917,4739131,4739131,664970,Glaucophyceae,Glaucophyceae
4098870,873051,873050,<NULL>,Glutophrissa,Glutophrissa
4147303,4238212,4238212,167951,Glutophrissa,Glutophrissa
3990666,280895,280894,<NULL>,Goniotrichum,Goniotrichum
4723658,4742730,4742730,4742729,Goniotrichum,Goniotrichum
2522743,578364,578364,463510,Graminella,Graminella (genus in family Legeriomycetaceae)
2607477,749833,749833,463510,Graminella,Graminella (genus in family Legeriomycetaceae)
3756947,3785991,3785991,163526,Graphis geraensis,Graphis geraensis
3757386,3786430,3786430,163526,Graphis geraënsis,Graphis geraënsis
4782510,4078008,4078008,4078006,Graphyllium chloës,Graphyllium chloës
4782514,4078012,4078012,4078006,Graphyllium chloes,Graphyllium chloes
4040316,762483,762481,<NULL>,Guajacum,Guajacum
4581377,4730521,4730521,461732,Guajacum,Guajacum
2756824,1049518,1049518,1049528,Habroscelimorpha californica brevihamata,Habroscelimorpha californica brevihamata
4089126,1049520,1049518,<NULL>,Habroscelimorpha californica brevihamata,Habroscelimorpha californica brevihamata
1316001,523345,523345,83048,Habroscelimorpha schwarzi,Habroscelimorpha schwarzi
4086340,523349,523345,<NULL>,Habroscelimorpha schwarzi,Habroscelimorpha schwarzi
3774559,3803616,3803616,3803617,Haddowia aetii,Haddowia aetii
3774565,3803622,3803622,3803617,Haddowia aëtii,Haddowia aëtii
4096057,141124,141123,<NULL>,Hadula,Hadula
4167514,4263499,4263499,742352,Hadula,Hadula
4023762,716776,716775,<NULL>,Haematonectria,Haematonectria
4762081,4057529,4057529,104185,Haematonectria,Haematonectria
4314645,4450222,4450222,152993,Haematopota burgeri,Haematopota burgeri
4314755,4450361,4450361,152993,Haematopota bürgeri,Haematopota bürgeri
4096083,115321,115320,<NULL>,Halisidota,Halisidota
4147705,4238733,4238733,557828,Halisidota,Halisidota
2815407,2844234,2844234,168646,Haltidytes ooeides,Haltidytes ooeides
2815408,2844235,2844235,168646,Haltidytes ooëides,Haltidytes ooëides
753770,532896,532896,3885585,Handroanthus impetiginosus,Handroanthus impetiginosus
4064281,532897,532896,<NULL>,Handroanthus impetiginosus,Handroanthus impetiginosus
4012629,858841,858840,<NULL>,Hansenula,Hansenula
4790295,4085803,4085803,821913,Hansenula,Hansenula
2626167,787538,787538,578399,Haploesthes,Haploesthes
4523773,4727522,4727522,46248,Haploësthes,Haploësthes
4175939,4273980,4273980,4273977,Haplolabida sjostedti,Haplolabida sjostedti
4698921,4273978,4273978,4273977,Haplolabida sjöstedti,Haplolabida sjöstedti
2016820,574610,574610,968337,Helichrysum noeanum,Helichrysum noeanum
3869893,3899013,3899013,968337,Helichrysum noëanum,Helichrysum noëanum
4775984,4071473,4071473,4071456,Helicoön chlamydosporum,Helicoön chlamydosporum
4776062,4071551,4071551,4071549,Helicoon chlamydosporum,Helicoon chlamydosporum
4775969,4071458,4071458,4071456,Helicoön ellipticum,Helicoön ellipticum
4776061,4071550,4071550,4071549,Helicoon ellipticum,Helicoon ellipticum
2041030,461503,461503,309936,Helicoon fuscosporum,Helicoon fuscosporum
4775983,4071472,4071472,4071456,Helicoön fuscosporum,Helicoön fuscosporum
1024336,442610,442610,309936,Helicoon gigantisporum,Helicoon gigantisporum
4775974,4071463,4071463,4071456,Helicoön gigantisporum,Helicoön gigantisporum
4775970,4071459,4071459,4071456,Helicoön pluriseptatum,Helicoön pluriseptatum
4776063,4071552,4071552,4071549,Helicoon pluriseptatum,Helicoon pluriseptatum
4775982,4071471,4071471,4071456,Helicoön reticulatum,Helicoön reticulatum
4776064,4071553,4071553,4071549,Helicoon reticulatum,Helicoon reticulatum
1725162,653507,653507,309936,Helicoon richonis,Helicoon richonis
4775972,4071461,4071461,4071456,Helicoön richonis,Helicoön richonis
4798198,4093713,4093713,439373,Helicoönites,Helicoönites
4819370,4114927,4114927,352914,Helicoonites,Helicoonites
3794805,3823873,3823873,963199,Hemimycena epichloë,Hemimycena epichloë
3794808,3823876,3823876,963199,Hemimycena epichloe,Hemimycena epichloe
4880823,4176487,4176487,793713,Hestiasula kästneri,Hestiasula kästneri
4880825,4176489,4176489,793713,Hestiasula kastneri,Hestiasula kastneri
2628265,791786,791786,969668,Heteroepichloe,Heteroepichloe
4763571,4059020,4059020,969668,Heteroepichloë,Heteroepichloë
1446471,949527,949527,791786,Heteroepichloe bambusae,Heteroepichloe bambusae
4763573,4059022,4059022,4059020,Heteroepichloë bambusae,Heteroepichloë bambusae
1802173,949525,949525,791786,Heteroepichloe sasae,Heteroepichloe sasae
4763572,4059021,4059021,4059020,Heteroepichloë sasae,Heteroepichloë sasae
1498986,345745,345745,776539,Hierochloe,Hierochloe
4632398,4731518,4731518,508090,Hierochloë,Hierochloë
60913,533163,533163,345745,Hierochloe australis,Hierochloe australis
4632416,4731520,4731520,4731518,Hierochloë australis,Hierochloë australis
1018367,3951100,466246,<NULL>,Hierochloe odorata,Hierochloe odorata
4723346,4731524,4731524,4731518,Hierochloë odorata,Hierochloë odorata
3921856,3951096,3951096,345745,Hierochloe repens,Hierochloe repens
4632429,4731521,4731521,4731518,Hierochloë repens,Hierochloë repens
3921854,3951094,3951094,345745,Hierochloe utriculata,Hierochloe utriculata
4632446,4731522,4731522,4731518,Hierochloë utriculata,Hierochloë utriculata
4015988,158236,158235,<NULL>,Hincksinidae,Hincksinidae
4853813,4149430,4149430,622392,Hincksinidae,Hincksinidae
327235,644046,644046,171106,Hippophae,Hippophae
3878798,3907941,3907941,171106,Hippophaë,Hippophaë
279220,944978,944978,650860,Hodotermopsis sjostedti,Hodotermopsis sjostedti
4082132,944979,944978,<NULL>,Hodotermopsis sjostedti,Hodotermopsis sjostedti
4288931,4417211,4417211,4417150,Homoneura paroeca,Homoneura paroeca
4609014,4417416,4417416,4417150,Homoneura paroëca,Homoneura paroëca
2934620,2963459,2963459,736379,Howeina shului,Howeina shului
2934703,2963542,2963542,736379,Howeina shülui,Howeina shülui
2936624,2965463,2965463,2965464,Hsiaolina chuntzui,Hsiaolina chuntzui
2937639,2966478,2966478,2965464,Hsiaolina chüntzui,Hsiaolina chüntzui
4077706,909268,909265,<NULL>,Humerana,Humerana
4838033,4133627,4133627,364560,Humerana,Humerana
3053974,3082816,3082816,647214,Hydrelia sjöstedti,Hydrelia sjöstedti
3053988,3082830,3082830,647214,Hydrelia sjostedti,Hydrelia sjostedti
1722579,668610,668610,713301,Hydrolithon samoense,Hydrolithon samoense
3979748,4009126,4009126,713301,Hydrolithon samoënse,Hydrolithon samoënse
4756214,4051654,4051654,4051653,Hymenopleella hippophaës,Hymenopleella hippophaës
4756215,4051655,4051655,4051653,Hymenopleella hippophaes,Hymenopleella hippophaes
2011480,221962,221962,880958,Hymenoscyphus scutula,Hymenoscyphus scutula
4747056,4042486,4042486,880958,Hymenoscyphus scutula,Hymenoscyphus scutula
3156874,3185748,3185748,3185749,Hypasura honei,Hypasura honei
3159724,3188598,3188598,3185749,Hypasura hönei,Hypasura hönei
4404374,4256269,4256269,4256263,Hypersypnoides congoënsis,Hypersypnoides congoënsis
4660024,4256266,4256266,4256263,Hypersypnoides congoensis,Hypersypnoides congoensis
4048928,960349,960347,<NULL>,Hypoderidae,Hypoderidae
4505835,4702193,4702193,511967,Hypoderidae,Hypoderidae
2623666,782276,782276,588295,Ictidomys mexicanus,Ictidomys mexicanus
4097607,782277,782276,<NULL>,Ictidomys mexicanus,Ictidomys mexicanus
2623664,782270,782270,588295,Ictidomys parvidens,Ictidomys parvidens
4102818,782273,782270,<NULL>,Ictidomys parvidens,Ictidomys parvidens
941877,989655,989655,588295,Ictidomys tridecemlineatus,Ictidomys tridecemlineatus
4097608,989657,989655,<NULL>,Ictidomys tridecemlineatus,Ictidomys tridecemlineatus
3563916,3592827,3592827,931693,Jagerskioldia,Jagerskioldia
3563917,3592828,3592828,931693,Jägerskiöldia,Jägerskiöldia
4895569,4191252,4191252,4191251,Jansenus bürgeri,Jansenus bürgeri
4895570,4191253,4191253,4191251,Jansenus burgeri,Jansenus burgeri
256248,133094,133094,133087,Japewia tornoensis,Japewia tornoensis
3745144,3774186,3774186,133087,Japewia tornoënsis,Japewia tornoënsis
3652652,3681618,3681618,258883,Kollikerina,Kollikerina
3652673,3681639,3681639,258883,Köllikerina,Köllikerina
4063448,1013514,1013513,<NULL>,Korshinskia,Korshinskia
4522712,4725919,4725919,372831,Korshinskia,Korshinskia
3989925,230524,230522,<NULL>,Labyrinthulaceae,Labyrinthulaceae
4642664,4806887,4806887,4806886,Labyrinthulaceae,Labyrinthulaceae
4617605,4796888,4796888,4796887,Labyrinthulea,Labyrinthulea (class in phylum Labyrinthista)
4649489,4806885,4806885,4806884,Labyrinthulea,Labyrinthulea (class in phylum Labyrinthista)
4016024,1088980,1088976,<NULL>,Lagenocystis,Lagenocystis
4564289,4807270,4807270,4807264,Lagenocystis,Lagenocystis
2941192,2970031,2970031,580068,Laocoon,Laocoon
4779387,4074879,4074879,827790,Laocoön,Laocoön
3746330,3775372,3775372,339437,Lecanora discoensis,Lecanora discoensis
3746389,3775431,3775431,339437,Lecanora discoënsis,Lecanora discoënsis
3663961,3692936,3692936,1037040,Lepteutypa hippophaës,Lepteutypa hippophaës
3663966,3692941,3692941,1037040,Lepteutypa hippophaes,Lepteutypa hippophaes
3649065,3678029,3678029,49917,Leptogorgia lütkeni,Leptogorgia lütkeni
3649092,3678056,3678056,49917,Leptogorgia lutkeni,Leptogorgia lutkeni
4163383,4258310,4258310,4258294,Leucochlaena hörhammeri,Leucochlaena hörhammeri
4163387,4258315,4258315,4258294,Leucochlaena horhammeri,Leucochlaena horhammeri
360288,3947663,3947663,105390,Licuala künstleri,Licuala künstleri
1279019,105388,105388,105390,Licuala kunstleri,Licuala kunstleri
4317052,4453288,4453288,4453283,Limata kuhnelti,Limata kuhnelti
4317053,4453289,4453289,4453283,Limata kühnelti,Limata kühnelti
4099150,728814,728813,<NULL>,Limnas,Limnas
4625086,4730933,4730933,837414,Limnas,Limnas
4096043,744091,744087,<NULL>,Lissocraspeda,Lissocraspeda
4182368,4282068,4282068,968124,Lissocraspeda,Lissocraspeda
3159507,3188381,3188381,3188380,Lithosarctia hönei,Lithosarctia hönei
3160975,3189849,3189849,3188380,Lithosarctia honei,Lithosarctia honei
3989711,120241,120239,<NULL>,Lobosa,Lobosa
4641000,4806275,4806275,4796809,Lobosa,Lobosa
2934754,2963593,2963593,140868,Loxoconcha hsiyü,Loxoconcha hsiyü
2934912,2963751,2963751,140868,Loxoconcha hsiyu,Loxoconcha hsiyu
4048897,466752,466751,<NULL>,Lyssomanidae,Lyssomanidae
4500998,4695377,4695377,614523,Lyssomanidae,Lyssomanidae
2997564,3026404,3026404,241206,Marilia aërope,Marilia aërope
2997575,3026415,3026415,241206,Marilia aerope,Marilia aerope
4094556,837018,837016,<NULL>,Megalobrama hoffmanni,Megalobrama hoffmanni
4842790,4138390,4138390,837004,Megalobrama hoffmanni,Megalobrama hoffmanni
3076874,3105744,3105744,627795,Melanargia menetriesi,Melanargia menetriesi
3076950,3105820,3105820,627795,Melanargia ménetriési,Melanargia ménetriési
3590772,3619719,3619719,831481,Mertensophryne lonnbergi,Mertensophryne lonnbergi
3590780,3619727,3619727,831481,Mertensophryne lönnbergi,Mertensophryne lönnbergi
3180967,3209843,3209843,707340,Mesapamea storai,Mesapamea storai
3180978,3209854,3209854,707340,Mesapamea storåi,Mesapamea storåi
356821,889155,889155,889153,Microbryum davallianum,Microbryum davallianum
4527677,4733913,4733913,889153,Microbryum davallianum,Microbryum davallianum
4012381,868682,868681,<NULL>,Microcollybia,Microcollybia
4806858,4102407,4102407,162651,Microcollybia,Microcollybia
3989880,16116,16113,<NULL>,Microsporida,Microsporida
4743402,4038827,4038827,16113,Microsporida,Microsporida
3156876,3185750,3185750,3184061,Monosyntaxis samoensis,Monosyntaxis samoensis
3160761,3189635,3189635,3184061,Monosyntaxis samoënsis,Monosyntaxis samoënsis
4012717,955277,955276,<NULL>,Montastrea,Montastrea
4573835,4715056,4715056,992407,Montastrea,Montastrea
2325325,183906,183906,313414,Mycoemilia,Mycoemilia
3657271,3686238,3686238,313414,Mycoëmilia,Mycoëmilia
2779282,1094627,1094627,183906,Mycoemilia scoparia,Mycoemilia scoparia
3657272,3686239,3686239,3686238,Mycoëmilia scoparia,Mycoëmilia scoparia
4347300,4492227,4492227,155023,Mycomya kuusamoensis,Mycomya kuusamoensis
4347449,4492426,4492426,155023,Mycomya kuusamoënsis,Mycomya kuusamoënsis
2161956,384871,384871,983705,Mylia anomala,Mylia anomala
4016986,384873,384871,<NULL>,Mylia anomala,Mylia anomala
1684921,3261417,166938,<NULL>,Myrmecia pyriformis,Myrmecia pyriformis
4666947,4734549,4734549,739611,Myrmecia pyriformis,Myrmecia pyriformis
4012380,595645,595644,<NULL>,Naematoloma,Naematoloma
4808631,4104182,4104182,590456,Naematoloma,Naematoloma
3675296,3704276,3704276,708149,Nais aquatica,Nais aquatica
3675297,3704277,3704277,708149,Naïs aquatica,Naïs aquatica
1563740,305451,305451,708149,Nais inornata,Nais inornata
3675298,3704278,3704278,708149,Naïs inornata,Naïs inornata
248570,909433,909433,531133,Napoleonaea imperialis,Napoleonaea imperialis
4033335,909435,909433,<NULL>,Napoleonaea imperialis,Napoleonaea imperialis
234080,333400,333400,531133,Napoleonaea leonensis,Napoleonaea leonensis
4033334,333402,333400,<NULL>,Napoleonaea leonensis,Napoleonaea leonensis
838078,531129,531129,531133,Napoleonaea vogelii,Napoleonaea vogelii
4033333,531131,531129,<NULL>,Napoleonaea vogelii,Napoleonaea vogelii
2788366,2817186,2817186,942603,Navicula sohrensis,Navicula sohrensis
2789515,2818335,2818335,942603,Navicula söhrensis,Navicula söhrensis
2933255,2962094,2962094,2962095,Neocandona yufuiia,Neocandona yufuiia
2933473,2962312,2962312,2962095,Neocandona yüfuiia,Neocandona yüfuiia
3094886,3123757,3123757,841502,Neocoenyra fülleborni,Neocoenyra fülleborni
3096112,3124983,3124983,841502,Neocoenyra fulleborni,Neocoenyra fulleborni
4746941,4042371,4042371,90674,Neocudoniella jezoënsis,Neocudoniella jezoënsis
4746942,4042372,4042372,90674,Neocudoniella jezoensis,Neocudoniella jezoensis
4023518,1007740,1007738,<NULL>,Neofuscelia,Neofuscelia
4768710,4064165,4064165,305904,Neofuscelia,Neofuscelia
3079177,3108047,3108047,841512,Neope oberthüri,Neope oberthüri
3079218,3108088,3108088,841512,Neope oberthuri,Neope oberthuri
3460494,3489397,3489397,326712,Nipponomeconema hidaense,Nipponomeconema hidaense
3462180,3491083,3491083,326712,Nipponomeconema hidaënse,Nipponomeconema hidaënse
2983437,3012277,3012277,3011980,Notogomphus rüppeli,Notogomphus rüppeli
2984109,3012949,3012949,3011980,Notogomphus ruppeli,Notogomphus ruppeli
4063446,142223,142221,<NULL>,Notopterygium,Notopterygium
4522927,4726237,4726237,372831,Notopterygium,Notopterygium
4012378,378896,378895,<NULL>,Nyctalis,Nyctalis
4809999,4105550,4105550,1048880,Nyctalis,Nyctalis
3553122,3582028,3582028,1064508,Nymphon stromii,Nymphon stromii
3553343,3582249,3582249,1064508,Nymphon strömii,Nymphon strömii
2005995,1042790,1042790,466002,Ochrolechia szatalaensis,Ochrolechia szatalaensis
3754069,3783113,3783113,466002,Ochrolechia szatalaënsis,Ochrolechia szatalaënsis
3160976,3189850,3189850,3183999,Ocnogyna oberthuri,Ocnogyna oberthuri
3161812,3190686,3190686,3183999,Ocnogyna oberthüri,Ocnogyna oberthüri
3078455,3107325,3107325,311614,Oeneis aello,Oeneis aello
3078504,3107374,3107374,311614,Oeneis aëllo,Oeneis aëllo
3351984,3380877,3380877,968359,Oïdeterus,Oïdeterus
4433064,4603866,4603866,968359,Oideterus,Oideterus
3989797,555767,555765,<NULL>,Oomycota,Oomycota
4564255,4807204,4807204,4806301,Oomycota,Oomycota
4096042,744093,744087,<NULL>,Ophiographa,Ophiographa
4511031,4280171,4280171,968124,Ophiographa,Ophiographa
2735598,1007210,1007210,214455,Oreorchis patens subsp. coreana,Oreorchis patens subsp. coreana
4035711,1007214,1007210,<NULL>,Oreorchis patens subsp. coreana,Oreorchis patens subsp. coreana
2604561,744042,744042,744036,Ornamentula paraensis,Ornamentula paraensis
2815385,2844212,2844212,744036,Ornamentula paraënsis,Ornamentula paraënsis
2387776,309348,309348,847606,Ostorhinchus angustatus,Ostorhinchus angustatus
4109034,309350,309348,<NULL>,Ostorhinchus angustatus,Ostorhinchus angustatus
2673687,883896,883896,847606,Ostorhinchus compressus,Ostorhinchus compressus
4109038,883898,883896,<NULL>,Ostorhinchus compressus,Ostorhinchus compressus
2284298,102070,102070,847606,Ostorhinchus cookii,Ostorhinchus cookii
4109027,102074,102070,<NULL>,Ostorhinchus cookii,Ostorhinchus cookii
2552151,638185,638185,847606,Ostorhinchus cyanosoma,Ostorhinchus cyanosoma
4109044,638187,638185,<NULL>,Ostorhinchus cyanosoma,Ostorhinchus cyanosoma
2471609,475644,475644,847606,Ostorhinchus flagelliferus,Ostorhinchus flagelliferus
4109021,475646,475644,<NULL>,Ostorhinchus flagelliferus,Ostorhinchus flagelliferus
2471608,475640,475640,847606,Ostorhinchus holotaenia,Ostorhinchus holotaenia
4109022,475642,475640,<NULL>,Ostorhinchus holotaenia,Ostorhinchus holotaenia
1926691,169691,169691,847606,Ostorhinchus luteus,Ostorhinchus luteus
4109024,169693,169691,<NULL>,Ostorhinchus luteus,Ostorhinchus luteus
981836,740266,740266,847606,Ostorhinchus nigrofasciatus,Ostorhinchus nigrofasciatus
4109046,740268,740266,<NULL>,Ostorhinchus nigrofasciatus,Ostorhinchus nigrofasciatus
2412761,359179,359179,847606,Ostorhinchus novemfasciatus,Ostorhinchus novemfasciatus
4109035,359181,359179,<NULL>,Ostorhinchus novemfasciatus,Ostorhinchus novemfasciatus
2552150,638181,638181,847606,Ostorhinchus properuptus,Ostorhinchus properuptus
4109042,638183,638181,<NULL>,Ostorhinchus properuptus,Ostorhinchus properuptus
2412762,359183,359183,847606,Ostorhinchus quadrifasciatus,Ostorhinchus quadrifasciatus
4109037,359185,359183,<NULL>,Ostorhinchus quadrifasciatus,Ostorhinchus quadrifasciatus
489801,747778,747778,931271,Oxychloe,Oxychloe
1456160,3965007,3965007,931271,Oxychloë,Oxychloë
489802,747770,747770,747778,Oxychloe andina,Oxychloe andina
3935729,3965008,3965008,3965007,Oxychloë andina,Oxychloë andina
489810,714584,714584,747778,Oxychloe bisexualis,Oxychloe bisexualis
3935730,3965011,3965011,3965007,Oxychloë bisexualis,Oxychloë bisexualis
913670,3965010,3965010,3965007,Oxychloë castellanosii,Oxychloë castellanosii
2009772,469193,469193,747778,Oxychloe castellanosii,Oxychloe castellanosii
913664,3965009,3965009,3965007,Oxychloë haumaniana,Oxychloë haumaniana
1125820,469190,469190,747778,Oxychloe haumaniana,Oxychloe haumaniana
3553496,3582402,3582402,248707,Pallenopsis vanhöffeni,Pallenopsis vanhöffeni
3553562,3582468,3582468,248707,Pallenopsis vanhoffeni,Pallenopsis vanhoffeni
2522448,577697,577697,28239,Pandalus eous,Pandalus eous
4479242,4665843,4665843,28239,Pandalus eöus,Pandalus eöus
4092352,923503,923500,<NULL>,Paraclusia,Paraclusia
4271579,4395008,4395008,230909,Paraclusia,Paraclusia
4098325,606767,606766,<NULL>,Parallelomma,Parallelomma
4246057,4362438,4362438,184523,Parallelomma,Parallelomma
4023517,1007741,1007738,<NULL>,Paraparmelia,Paraparmelia
4768660,4064115,4064115,305904,Paraparmelia,Paraparmelia
3148388,3177261,3177261,4328,Parasemia stotzneri,Parasemia stotzneri
3148459,3177332,3177332,4328,Parasemia stötzneri,Parasemia stötzneri
2550297,634256,634256,969668,Parepichloe,Parepichloe
4763505,4058954,4058954,969668,Parepichloë,Parepichloë
1875340,634258,634258,634256,Parepichloe cinerea,Parepichloe cinerea
4763506,4058955,4058955,4058954,Parepichloë cinerea,Parepichloë cinerea
2550298,634261,634261,634256,Parepichloe cynodontis,Parepichloe cynodontis
4763507,4058956,4058956,4058954,Parepichloë cynodontis,Parepichloë cynodontis
3738996,3768035,3768035,682351,Parmotrema tsavoense,Parmotrema tsavoense
3739179,3768219,3768219,682351,Parmotrema tsavoënse,Parmotrema tsavoënse
3187887,3216763,3216763,3216699,Parocneria tölgi,Parocneria tölgi
3189455,3218331,3218331,3216699,Parocneria tolgi,Parocneria tolgi
4096058,341579,341578,<NULL>,Pechipogo,Pechipogo
4160693,4254936,4254936,742352,Pechipogo,Pechipogo
2324349,182171,182171,556320,Pechuel-loeschea,Pechuel-loeschea
4524244,4728215,4728215,46248,Pechuel-Loeschea,Pechuel-Loeschea
3183291,3212167,3212167,541842,Peridea oberthüri,Peridea oberthüri
3183305,3212181,3212181,541842,Peridea oberthuri,Peridea oberthuri
2790392,2819212,2819212,881588,Perissonoe,Perissonoe
2790398,2819218,2819218,881588,Perissonoë,Perissonoë
3990851,16126,16124,<NULL>,Peritrichida,Peritrichida
4734582,4029992,4029992,16119,Peritrichida,Peritrichida
2292921,119683,119683,443192,Pestalotiopsis aloes,Pestalotiopsis aloes
3663612,3692587,3692587,443192,Pestalotiopsis aloës,Pestalotiopsis aloës
2803464,2832291,2832291,241778,Phacus lefevrei,Phacus lefevrei
2803557,2832384,2832384,241778,Phacus lefèvrei,Phacus lefèvrei
4095667,1011020,1011017,<NULL>,Phaenicia,Phaenicia
4267371,4389661,4389661,1011003,Phaenicia,Phaenicia
2459679,452467,452467,969837,Phaethontidae,Phaethontidae
3575912,3604836,3604836,81461,Phaëthontidae,Phaëthontidae
539697,3975997,3975997,995670,Phalaenopsis künstleri,Phalaenopsis künstleri
2716728,969673,969673,995670,Phalaenopsis kunstleri,Phalaenopsis kunstleri
3779074,3808136,3808136,994522,Phellinus jezoensis,Phellinus jezoensis
3779186,3808248,3808248,994522,Phellinus jezoënsis,Phellinus jezoënsis
3155567,3184441,3184441,3184442,Phryganopteryx saalmülleri,Phryganopteryx saalmülleri
3160974,3189848,3189848,3184442,Phryganopteryx saalmulleri,Phryganopteryx saalmulleri
2337159,207347,207347,948466,Phyllophora pseudoceranoides,Phyllophora pseudoceranoides
3984593,4013974,4013974,948466,Phyllophora pseudoceranoïdes,Phyllophora pseudoceranoïdes
3999334,212401,212400,<NULL>,Piromonas,Piromonas
4744069,4039496,4039496,506248,Piromonas,Piromonas
2472942,478361,478361,985636,Poa ammophila,Poa ammophila
4075672,478362,478361,<NULL>,Poa ammophila,Poa ammophila
4025168,881389,881387,<NULL>,Podostemales,Podostemales
4525764,4730601,4730601,431495,Podostemales,Podostemales
4103495,623250,623249,<NULL>,Polistomimetes,Polistomimetes
4602978,4404414,4404414,34898,Polistomimetes,Polistomimetes
3485744,3514647,3514647,3514382,Polylepiscus bürgeri,Polylepiscus bürgeri
3485984,3514887,3514887,3514382,Polylepiscus burgeri,Polylepiscus burgeri
3230637,3259524,3259524,1033133,Polyrhachis aërope,Polyrhachis aërope
3230894,3259781,3259781,1033133,Polyrhachis aerope,Polyrhachis aerope
984230,262730,262730,959991,Polyscias samoensis,Polyscias samoensis
1924459,262730,262730,959991,Polyscias samoensis,Polyscias samoensis
636929,101657,101657,101650,Pomatocalpa kunstleri,Pomatocalpa kunstleri
3946612,3975910,3975910,101650,Pomatocalpa künstleri,Pomatocalpa künstleri
2932687,2961526,2961526,563186,Pontocypris chununae,Pontocypris chununae
2932700,2961539,2961539,563186,Pontocypris chunünae,Pontocypris chunünae
2641766,819936,819936,530178,Populus glandulosa,Populus glandulosa
4062704,819937,819936,<NULL>,Populus glandulosa,Populus glandulosa
2963931,2992771,2992771,84743,Porcellio kuhnelti,Porcellio kuhnelti
2964044,2992884,2992884,84743,Porcellio kühnelti,Porcellio kühnelti
4155705,4248809,4248809,4248770,Porphyrinia guenéei,Porphyrinia guenéei
4370889,4248982,4248982,4248770,Porphyrinia gueneei,Porphyrinia gueneei
3159641,3188515,3188515,3188516,Praemastus cymothoë,Praemastus cymothoë
3161278,3190152,3190152,3188516,Praemastus cymothoe,Praemastus cymothoe
3989874,850428,850425,<NULL>,Prasinophyta,Prasinophyta
4529507,4737182,4737182,361838,Prasinophyta,Prasinophyta
2387780,309365,309365,847605,Pristicon trimaculatus,Pristicon trimaculatus
4109015,309367,309365,<NULL>,Pristicon trimaculatus,Pristicon trimaculatus
4437512,4609854,4609854,865249,Proeces,Proeces
4441417,4615029,4615029,865249,Proëces,Proëces
4011319,287094,287093,<NULL>,Protopalythoa,Protopalythoa
4514547,4714321,4714321,287090,Protopalythoa,Protopalythoa
3989709,151017,151014,<NULL>,Prymnesiophyceae,Prymnesiophyceae
4728223,4023612,4023612,151014,Prymnesiophyceae,Prymnesiophyceae
4096056,719153,719152,<NULL>,Pseudaletia,Pseudaletia
4159161,4253032,4253032,742352,Pseudaletia,Pseudaletia
2249258,30753,30753,542088,Pseuderimerus burgeri,Pseuderimerus burgeri
4375181,4527883,4527883,542088,Pseuderimerus bürgeri,Pseuderimerus bürgeri
4824970,4120535,4120535,4120533,Pseudohaje goldii,Pseudohaje goldii
4824971,4120536,4120536,4120533,Pseudohaje göldii,Pseudohaje göldii
2928025,2956864,2956864,1002727,Pseudoothrix,Pseudoothrix
4508747,4706292,4706292,632179,Pseudoöthrix,Pseudoöthrix
3040928,3069769,3069769,1076855,Pseudopanthera oberthuri,Pseudopanthera oberthuri
3040941,3069782,3069782,1076855,Pseudopanthera oberthüri,Pseudopanthera oberthüri
4077704,364551,364550,<NULL>,Pseudorana,Pseudorana
4838042,4133636,4133636,364560,Pseudorana,Pseudorana
4096053,233923,233922,<NULL>,Pseudoseptis,Pseudoseptis
4363299,4247372,4247372,742352,Pseudoseptis,Pseudoseptis
2583890,702481,702481,555809,Psychoda grisescens,Psychoda grisescens
4086113,702483,702481,<NULL>,Psychoda grisescens,Psychoda grisescens
2600846,736520,736520,555809,Psychoda lativentris,Psychoda lativentris
4086112,736521,736520,<NULL>,Psychoda lativentris,Psychoda lativentris
4079960,832739,832737,<NULL>,Ptesimogastroides,Ptesimogastroides
4391736,4549229,4549229,678079,Ptesimogastroides,Ptesimogastroides
3813144,3842213,3842213,665703,Puccinia hypoëstis,Puccinia hypoëstis
3813621,3842691,3842691,665703,Puccinia hypoestis,Puccinia hypoestis
3736461,3765500,3765500,423868,Pyxine cocoes,Pyxine cocoes
3736541,3765580,3765580,423868,Pyxine cocoës,Pyxine cocoës
552277,3796125,3796125,1013070,Radulidium epichloës,Radulidium epichloës
2738530,1013079,1013079,1013070,Radulidium epichloes,Radulidium epichloes
3993276,69133,69130,<NULL>,Reticulowoodruffiidae,Reticulowoodruffiidae
4734960,4030370,4030370,1091381,Reticulowoodruffiidae,Reticulowoodruffiidae
3633723,3662683,3662683,3662658,Sabazius brattströmi,Sabazius brattströmi
3633774,3662734,3662734,3662658,Sabazius brattstromi,Sabazius brattstromi
2538568,610369,610369,358826,Salmonella enterica subsp. enterica serovar Typhimurium str. DT104,Salmonella enterica subsp. enterica serovar Typhimurium str. DT104
4011953,610371,610369,<NULL>,Salmonella enterica subsp. enterica serovar Typhimurium str. DT104,Salmonella enterica subsp. enterica serovar Typhimurium str. DT104
3077844,3106714,3106714,54890,Satyrus pungeleri,Satyrus pungeleri
3078137,3107007,3107007,54890,Satyrus püngeleri,Satyrus püngeleri
4348058,4244122,4244122,4244111,Scalmicauda hosemanni,Scalmicauda hosemanni
4348178,4244147,4244147,4244111,Scalmicauda hösemanni,Scalmicauda hösemanni
616394,576141,576141,576139,Scaphochlamys kunstleri,Scaphochlamys kunstleri
3917554,3946780,3946780,576139,Scaphochlamys künstleri,Scaphochlamys künstleri
3991177,895914,895912,<NULL>,Schneideria,Schneideria
4591993,4722119,4722119,691846,Schneideria,Schneideria
2262748,58919,58919,79118,Sciuro-hypnum,Sciuro-hypnum
4527596,4733780,4733780,79118,Sciuro-Hypnum,Sciuro-Hypnum
3650949,3679913,3679913,809373,Sclerobelemnon burgeri,Sclerobelemnon burgeri
3650955,3679919,3679919,809373,Sclerobelemnon bürgeri,Sclerobelemnon bürgeri
3050667,3079509,3079509,679080,Scopula sjostedti,Scopula sjostedti
3050699,3079541,3079541,679080,Scopula sjöstedti,Scopula sjöstedti
4096089,839665,839662,<NULL>,Scotia,Scotia
4857802,4153426,4153426,445195,Scotia,Scotia
4150875,4242732,4242732,4242731,Sidisca hypochloe,Sidisca hypochloe
4150876,4242733,4242733,4242731,Sidisca hypochloë,Sidisca hypochloë
2384968,303701,303701,266158,Simulium burgeri,Simulium burgeri
4321795,4459396,4459396,20678,Simulium bürgeri,Simulium bürgeri
1001690,3869960,3869960,1020645,Solanum quitoënse,Solanum quitoënse
1746381,835548,835548,1020645,Solanum quitoense,Solanum quitoense
2361944,257588,257588,491983,Solenostoma obovatum,Solenostoma obovatum
4016983,257590,257588,<NULL>,Solenostoma obovatum,Solenostoma obovatum
252905,190785,190785,190784,Solfia samoensis,Solfia samoensis
705840,190785,190785,190784,Solfia samoensis,Solfia samoensis
2464292,461458,461458,25289,Solms-laubachia,Solms-laubachia
3904140,3933321,3933321,309271,Solms-Laubachia,Solms-Laubachia
2596725,728144,728144,461458,Solms-laubachia pulcherrima,Solms-laubachia pulcherrima
3904139,3933320,3933320,3933321,Solms-Laubachia pulcherrima,Solms-Laubachia pulcherrima
3990624,578647,578646,<NULL>,Spermosira,Spermosira
4529202,4736707,4736707,361838,Spermosira,Spermosira
3040097,3068938,3068938,706939,Sphacelodes haïtiaria,Sphacelodes haïtiaria
3040101,3068942,3068942,706939,Sphacelodes haitiaria,Sphacelodes haitiaria
3999333,212398,212397,<NULL>,Sphaeromonas,Sphaeromonas
4744078,4039505,4039505,506248,Sphaeromonas,Sphaeromonas
4088193,1066420,1066419,<NULL>,Sphenops,Sphenops
4828561,4124128,4124128,1091911,Sphenops,Sphenops
3063723,3092565,3092565,283216,Sphinx oberthüri,Sphinx oberthüri
3063780,3092622,3092622,283216,Sphinx oberthuri,Sphinx oberthuri
4023761,175512,175511,<NULL>,Spicellum,Spicellum
4764540,4059990,4059990,728371,Spicellum,Spicellum
2331776,196819,196819,1002725,spinocalanus angusticeps,spinocalanus angusticeps
2927825,2956664,2956664,1002725,Spinocalanus angusticeps,Spinocalanus angusticeps
2459747,452587,452587,1002725,spinocalanus spinosus,spinocalanus spinosus
2927834,2956673,2956673,1002725,Spinocalanus spinosus,Spinocalanus spinosus
4012713,17610,17609,<NULL>,Spongodes,Spongodes
4513928,4713441,4713441,17608,Spongodes,Spongodes
4079874,1007987,1007985,<NULL>,Steatococcus,Steatococcus
4895511,4191194,4191194,564674,Steatococcus,Steatococcus
4088173,619480,619479,<NULL>,Stenophis,Stenophis
4826748,4122315,4122315,764400,Stenophis,Stenophis
960678,1057618,1057618,655907,Stichopathes lutkeni,Stichopathes lutkeni
4514308,4713986,4713986,655907,Stichopathes lütkeni,Stichopathes lütkeni
4035659,202034,202032,<NULL>,Stictophyllum,Stictophyllum
4627815,4742841,4742841,878953,Stictophyllum,Stictophyllum
4054018,61362,61360,<NULL>,Sulaimania,Sulaimania
4501656,4696253,4696253,4696116,Sulaimania,Sulaimania
2829693,2858527,2858527,312966,Sunetta meroe,Sunetta meroe
2829694,2858528,2858528,312966,Sunetta meroë,Sunetta meroë
4159415,4253335,4253335,4253333,Syfania oberthüri,Syfania oberthüri
4159417,4253337,4253337,4253333,Syfania oberthuri,Syfania oberthuri
4624695,4451190,4451190,555816,Tabanus bürgeri,Tabanus bürgeri
4625334,4452575,4452575,555816,Tabanus burgeri,Tabanus burgeri
4018311,30121,30120,<NULL>,Tapesia,Tapesia
4746350,4041780,4041780,832035,Tapesia,Tapesia
2512305,556741,556741,613423,Terpsinoe,Terpsinoe
2790716,2819536,2819536,613423,Terpsinoë,Terpsinoë
2790707,2819527,2819527,556741,Terpsinoe americana,Terpsinoe americana
2790728,2819548,2819548,2819536,Terpsinoë americana,Terpsinoë americana
2512304,556739,556739,556741,Terpsinoe musica,Terpsinoe musica
2790715,2819535,2819535,2819536,Terpsinoë musica,Terpsinoë musica
3989780,1069665,1069662,<NULL>,Tetracilia,Tetracilia
4629117,4801741,4801741,4796809,Tetracilia,Tetracilia
4015857,163530,163529,<NULL>,Thelotremataceae,Thelotremataceae
4772156,4067645,4067645,655799,Thelotremataceae,Thelotremataceae
3360634,3389528,3389528,968359,Themistonoë,Themistonoë
3360638,3389532,3389532,968359,Themistonoe,Themistonoe
3360636,3389530,3389530,3389528,Themistonoë cacica,Themistonoë cacica
3360637,3389531,3389531,3389532,Themistonoe cacica,Themistonoe cacica
2395263,324024,324024,700368,Thismia aseroe,Thismia aseroe
3939517,3968805,3968805,700368,Thismia aseroë,Thismia aseroë
1875273,219424,219424,652328,Tilletia buchloeana,Tilletia buchloeana
3810879,3839948,3839948,652328,Tilletia buchloëana,Tilletia buchloëana
3364806,3393700,3393700,968359,Tithoes,Tithoes
3377299,3406195,3406195,968359,Tithoës,Tithoës
3375592,3404487,3404487,3393700,Tithoes confinis,Tithoes confinis
3377303,3406199,3406199,3406195,Tithoës confinis,Tithoës confinis
3371425,3400320,3400320,3393700,Tithoes longipennis,Tithoes longipennis
3377302,3406198,3406198,3406195,Tithoës longipennis,Tithoës longipennis
3364808,3393702,3393702,3393700,Tithoes maculatus,Tithoes maculatus
3377298,3406194,3406194,3406195,Tithoës maculatus,Tithoës maculatus
139783,3976733,3976733,38217,Trigonidium ua,Trigonidium ua
4887152,4182822,4182822,905572,Trigonidium ua,Trigonidium ua
2542066,617845,617845,565828,Tripteroides,Tripteroides (genus in tribe Sabethini)
2695624,928019,928019,565828,Tripteroides,Tripteroides (genus in tribe Sabethini)
4023519,16692,16691,<NULL>,Tuckneraria,Tuckneraria
4768122,4063577,4063577,305904,Tuckneraria,Tuckneraria
4889203,4184876,4184876,4184857,Turanogryllus eous,Turanogryllus eous
4889216,4184889,4184889,4184857,Turanogryllus eöus,Turanogryllus eöus
2815813,2844640,2844640,2844641,Undula paraensis,Undula paraensis
2815830,2844657,2844657,2844641,Undula paraënsis,Undula paraënsis
2593300,721503,721503,451302,Uromyces aloes,Uromyces aloes
3816887,3845957,3845957,451302,Uromyces aloës,Uromyces aloës
4051379,1027112,1027111,<NULL>,Vandasia,Vandasia
4804798,4100339,4100339,723279,Vandasia,Vandasia
4018310,636591,636590,<NULL>,Verpatinia,Verpatinia
4745212,4040639,4040639,620522,Verpatinia,Verpatinia
238397,832513,832513,422198,Verrucaria chiloensis,Verrucaria chiloensis
3730004,3759040,3759040,422198,Verrucaria chiloënsis,Verrucaria chiloënsis
2314660,162723,162723,329893,Vitis wilsoniae,Vitis wilsoniae
4037624,162725,162723,<NULL>,Vitis wilsoniae,Vitis wilsoniae
4031862,1097847,1097846,<NULL>,Waltonia,Waltonia
4751265,4046700,4046700,51652,Waltonia,Waltonia
2261953,57369,57369,673334,White-sloanea,White-sloanea
3841670,3870767,3870767,524059,White-Sloanea,White-Sloanea
4181491,4281036,4281036,4281031,Xenochroma palimpaïs,Xenochroma palimpaïs
4514824,4281037,4281037,4281031,Xenochroma palimpais,Xenochroma palimpais
2304028,141525,141525,220241,Xerospermophilus perotensis,Xerospermophilus perotensis
4097612,141529,141525,<NULL>,Xerospermophilus perotensis,Xerospermophilus perotensis
327064,121776,121776,220241,Xerospermophilus spilosoma,Xerospermophilus spilosoma
4097610,121778,121776,<NULL>,Xerospermophilus spilosoma,Xerospermophilus spilosoma
2935367,2964206,2964206,161585,Xestoleberis yüchiae,Xestoleberis yüchiae
2935384,2964223,2964223,161585,Xestoleberis yuchiae,Xestoleberis yuchiae
3351157,3380050,3380050,968359,Xoës,Xoës
3370883,3399778,3399778,968359,Xoes,Xoes
3351158,3380051,3380051,3380050,Xoës egeria,Xoës egeria
3370886,3399781,3399781,3399778,Xoes egeria,Xoes egeria
2442585,418027,418027,737940,Zignoella,Zignoella
4759171,4054616,4054616,737940,Zignoëlla,Zignoëlla
